{
  "pictures": [
    {
      "id": 1,
      "image": "resources/media/images/20220323_1200_hallstatter_see.jpg",
      "date": "2022-03-23",
      "country_nl": "Oostenrijk",
      "country_en": "Austria",
      "city": "Hallstatt",
      "category_nl": "Natuur",
      "category_en": "Nature",
      "description_nl": "Hallstätter See, een prachtig meer bij de stad Hallstatt. Het meer heeft gediend als inspiratie voor de Frozen films.",
      "description_en": "Hallstätter See, a beautiful lake in the city of Hallstatt. This lake has been the inspiration for the Frozen movies."
    },
    {
      "id": 2,
      "image": "resources/media/images/20250128_1650_brug_tussen_lech_zug.jpg",
      "date": "2025-01-28",
      "country_nl": "Oostenrijk",
      "country_en": "Austria",
      "city": "Lech",
      "category_nl": "Natuur",
      "category_en": "Nature",
      "description_nl": "Foto genomen met DJI drone boven een brug over de rivier Lech. De brug is te vinden tussen de dorpjes Lech en Zug in.",
      "description_en": "Picture taken using my DJI 4K mini drone from above a bridge across the river Lech. You can find this bridge between the villages Lech and Zug."
    },
    {
      "id": 3,
      "image": "resources/media/images/20250125_2134_arlberg_by_night.jpg",
      "date": "2025-01-28",
      "country_nl": "Oostenrijk",
      "country_en": "Austria",
      "city": "Lech",
      "category_nl": "Natuur",
      "category_en": "Nature",
      "description_nl": "De berg genaamd Rüfikopf ligt in het gebied Arlberg, in dit gebied liggen verschillende dorpen waaronder Lech en Sankt Anton. De foto is genomen vanuit Lech aan het begin van de avond.",
      "description_en": "This mountain called Rüfikopf is part of the Arlberg massive, in this area you can find several villages like Lech and Sankt Anton. The picture is taken from Lech at the start of the evening."
    },
    {
      "id": 4,
      "image": "resources/media/images/20170404_1200_barcelone_overview_parc_guell.jpg",
      "date": "2017-04-04",
      "country_nl": "Spanje",
      "country_en": "Spanje",
      "city": "Barcelona",
      "category_nl": "Stad",
      "category_en": "Stad",
      "description_nl": "Foto van Barcelona, genomen vanuit Parc Güell. Het park is ontworpen door de Spaanse ontwerper en architect Antoni Gaudi",
      "description_en": "Foto van Barcelona, genomen vanuit Parc Güell. Het park is ontworpen door de Spaanse ontwerper en architect Antoni Gaudi"
    },
    {
      "id": 5,
      "image": "resources/media/images/20250202_1042_forrest_germany_furth.jpg",
      "date": "2025-02-02",
      "country_nl": "Duitsland",
      "country_en": "Germany",
      "city": "Fürth",
      "category_nl": "Natuur",
      "category_en": "Nature",
      "description_nl": "Foto met laagstaande zon in een mooi bos. Dit bos ligt in Fürth, een deelgemeente naast Neurenberg.",
      "description_en": "Picture of the wintersun shining through the trees in a beautiful forrest. This forrest lies in the city of Fürth, part of municipality Neurenberg."
    },
    {
      "id": 6,
      "image": "resources/media/images/20250129_1130_winter_in_lech.jpg",
      "date": "2025-01-29",
      "country_nl": "Oostenrijk",
      "country_en": "Austria",
      "city": "Lech",
      "category_nl": "Stad",
      "category_en": "City",
      "description_nl": "Zonnige winterdag in Lech met uitzicht op de Rüfikopf berg.",
      "description_en": "Sunny wintersday in the village of Lech, in the background the Rüfikopf mountain."
    },
    {
      "id": 7,
      "image": "resources/media/images/20220414_1210_netherlands_zoetermeer_toad_mating_season.jpg",
      "date": "2022-04-14",
      "country_nl": "Nederland",
      "country_en": "The Netherlands",
      "city": "Zoetermeer",
      "category_nl": "Dieren",
      "category_en": "Animals",
      "description_nl": "Foto genomen in Zoetermeer, 2 kikkers, onderweg tijdens het voorplantingseizoen",
      "description_en": "Picture taken in Zoetermeer, 2 frogs on the move during matingseason"
    },
    {
      "id": 8,
      "image": "resources/media/images/20170504_1640_netherlands_bumblebee_loaded.jpg",
      "date": "2017-05-04",
      "country_nl": "Nederland",
      "country_en": "The Netherlands",
      "city": "Zoetermeer",
      "category_nl": "Dieren",
      "category_en": "Animals",
      "description_nl": "Foto genomen in Zoetermeer, een hommel met een verzameling stuifmeel op zoek naar meer in een bloem",
      "description_en": "Picture taken in Zoetermeer, a bumblebee carrying a load of pollen, collecting more in a flower"
    },
    {
      "id": 9,
      "image": "resources/media/images/20160325_1618_denmark_kopenhagen_ducks_on_the_move.jpg",
      "date": "2016-03-25",
      "country_nl": "Denemarken",
      "country_en": "Denmark",
      "city": "Kopenhagen",
      "category_nl": "Dieren",
      "category_en": "Animals",
      "description_nl": "Foto genomen in Kopenhagen, Denemarken, 2 eenden onderweg in de stad.",
      "description_en": "Picture taken in Kopenhagen, Denmark, 2 ducks on the move in the city."
    },
    {
      "id": 10,
      "image": "resources/media/images/20181104_0924_thailand_khao_ngon_nak_bay_view_2.jpg",
      "date": "2018-11-04",
      "country_nl": "Thailand",
      "country_en": "Thailand",
      "city": "Khao Nogn Nak Bay",
      "category_nl": "Natuur",
      "category_en": "Nature",
      "description_nl": "Foto genomen in Khao Ngon Nak Park onderweg tijdens een wandeling, vergezicht over de baai.",
      "description_en": "Picture taken in Khao Ngon Nak Park while on a hike, view on the bay. "
    },
    {
      "id": 11,
      "image": "resources/media/images/20181104_1053_thailand_ants_on_the_move.jpg",
      "date": "2018-11-04",
      "country_nl": "Thailand",
      "country_en": "Thailand",
      "city": "Khao Nogn Nak Bay",
      "category_nl": "Dieren",
      "category_en": "Animals",
      "description_nl": "Foto genomen in Khao Ngon Nak Park onderweg tijdens een wandeling, een leger mieren, druk aan het werk.",
      "description_en": "Picture taken in Khao Ngon Nak Park while on a hike, an army of ants while on the job. "
    },
    {
      "id": 12,
      "image": "resources/media/images/20181107_0950_thailand_krabi_islands.jpg",
      "date": "2018-11-07",
      "country_nl": "Thailand",
      "country_en": "Thailand",
      "city": "Krabi Islands",
      "category_nl": "Natuur",
      "category_en": "Nature",
      "description_nl": "Foto genomen nabij Krabi, deze eilanden staan onder andere bekend om hun bijzondere rotsformaties.",
      "description_en": "Picture taken near Krabi, the islands are known for there impressive rockformations. "
    },
    {
      "id": 13,
      "image": "resources/media/images/20160326_0947_sweden_malmo_turnin_torso.jpg",
      "date": "2016-03-26",
      "country_nl": "Zweden",
      "country_en": "Sweden",
      "city": "Malmö",
      "category_nl": "Stad",
      "category_en": "City",
      "description_nl": "Foto genomen in Zweden, Malmo. De Turning Torso is het bekendste gebouw in Malmo en herkenbaar aan zijn draaiende vorm.",
      "description_en": "Picture in Sweden, Malmo. The Turning Torso is the best known building in Malmo, recognizable by its turning shape."
    },
    {
      "id": 14,
      "image": "resources/media/images/20181027_1441_thailand_chiang_mai_rice_fields.jpg",
      "date": "2018-10-27",
      "country_nl": "Thailand",
      "country_en": "Thailand",
      "city": "Chiang Mai",
      "category_nl": "Natuur",
      "category_en": "Nature",
      "description_nl": "Foto genomen tijdens een wandeling naar de jungle nabij Chiang Mai, uitzicht op de rijstvelden.",
      "description_en": "Picture taken during a walk to the jungle of Chiang Mai, view on the ricefields. "
    },
    {
      "id": 15,
      "image": "resources/media/images/20181028_0627_thailand_chiang_mai_sun_rise.jpg",
      "date": "2018-10-28",
      "country_nl": "Thailand",
      "country_en": "Thailand",
      "city": "Chiang Mai",
      "category_nl": "Natuur",
      "category_en": "Nature",
      "description_nl": "Foto genomen in de ochtend na een overnachting in de jungle van Chiang Mai, zonsopkomst.",
      "description_en": "Picture taken in the morning after a sleepover in the jungle of Chiang Mai, sunrise. "
    },
    {
      "id": 16,
      "image": "resources/media/images/20190805_2053_belgium_burg_reuland_rolling_fields_by_sunset.jpg",
      "date": "2019-08-05",
      "country_nl": "België",
      "country_en": "Belgium",
      "city": "Burg-Reuland",
      "category_nl": "Natuur",
      "category_en": "Nature",
      "description_nl": "Foto genomen tijdens een wandeling langs de uitgestrekte weilanden, in de verte kleurenpallet van de zonsondergang",
      "description_en": "Picture taken during a walk past the roling fields, on the horizon a colorpalette of the sunset. "
    },
    {
      "id": 17,
      "image": "resources/media/images/20181104_082130_thailand_khao_ngon_nak_bay_view.jpg",
      "date": "2018-11-04",
      "country_nl": "Thailand",
      "country_en": "Thailand",
      "city": "Khao Nogn Nak Bay",
      "category_nl": "Natuur",
      "category_en": "Nature",
      "description_nl": "Foto genomen tijdens een wandeling naar de top van het Khao Nogn Nak viewpoint, bekend uitzichtpunt over de baai.",
      "description_en": "Picture taken during a walk to the top of the Khao Nogn Nak viewpoint, a well known viewpoint across the bay. "
    },
    {
      "id": 18,
      "image": "resources/media/images/20220323_1248_austria_hallstatt_swans_at_the_lake.jpg",
      "date": "2022-03-23",
      "country_nl": "Oostenrijk",
      "country_en": "Austria",
      "city": "Hallstatt",
      "category_nl": "Dieren",
      "category_en": "Animals",
      "description_nl": "Foto genomen tijdens een bezoek aan Oostenrijk, Hallstatt, 2 zwanen in het meer.",
      "description_en": "Picture taken during a visit to Austria, Hallstatt, 2 swans swimming in the lake. "
    },
    {
      "id": 19,
      "image": "resources/media/images/20220512_1203_austria_hallstatt_church.jpg",
      "date": "2022-03-23",
      "country_nl": "Oostenrijk",
      "country_en": "Austria",
      "city": "Hallstatt",
      "category_nl": "Stad",
      "category_en": "City",
      "description_nl": "Foto genomen tijdens een bezoek aan Oostenrijk, Hallstatt, de kerk van Hallstatt aan het meer.",
      "description_en": "Picture taken during a visit to Austria, Hallstatt, the church of Hallstatt next to the lake. "
    },
    {
      "id": 20,
      "image": "resources/media/images/20220603_1457_italy_rome_colosseum.jpg",
      "date": "2022-06-03",
      "country_nl": "Italië",
      "country_en": "Italy",
      "city": "Rome",
      "category_nl": "Stad",
      "category_en": "City",
      "description_nl": "Foto genomen tijdens een bezoek aan Italië, Rome, uitzicht over de stad met onder andere het Colosseum.",
      "description_en": "Picture taken during a visit to Italy, Rome, overview of the city with amongst others the Colesseum. "
    },
    {
      "id": 21,
      "image": "resources/media/images/20220604_1909_vatican_st_peter_front.jpg",
      "date": "2022-06-04",
      "country_nl": "Vaticaan",
      "country_en": "Vatican",
      "city": "Vatican",
      "category_nl": "Stad",
      "category_en": "City",
      "description_nl": "Foto genomen tijdens een bezoek aan het Vaticaan, de foto toont de voorkant van de Sint Peter Basiliek.",
      "description_en": "Picture taken during a visit to the Vatican, on the picture is the frontside of the Sint Peter Basilica. "
    },
    {
      "id": 22,
      "image": "resources/media/images/20220608_1504_italy_gardens_royal_palace_caserta.jpg",
      "date": "2022-06-08",
      "country_nl": "Italië",
      "country_en": "Italy",
      "city": "Napels",
      "category_nl": "Stad",
      "category_en": "City",
      "description_nl": "Foto genomen tijdens een fietstocht door de tuinen van de koninklijke tuinen bij het Palace Caserta",
      "description_en": "Picture taken during a biketour through the Royal Gardens of Caserta. "
    },
    {
      "image": "resources/media/images/dummy_picture.jpg",
      "date": "2025-03-03",
      "country_nl": "Nederland",
      "country_en": "Nederland",
      "city": "Zoetermeer",
      "category_nl": "Dieren",
      "category_en": "Dieren",
      "description_nl": "Een testbeschrijving voor een dummyfoto.",
      "description_en": "Een testbeschrijving voor een dummyfoto.",
      "id": 23
    },
    {
      "image": "resources/media/images/dummy_picture.jpg",
      "date": "2025-03-03",
      "country_nl": "Nederland",
      "country_en": "Nederland",
      "city": "Zoetermeer",
      "category_nl": "Dieren",
      "category_en": "Dieren",
      "description_nl": "Een testbeschrijving voor een dummyfoto.",
      "description_en": "Een testbeschrijving voor een dummyfoto.",
      "id": 24
    },
    {
      "image": "resources/media/images/dummy_picture.jpg",
      "date": "2025-03-03",
      "country_nl": "Nederland",
      "country_en": "Nederland",
      "city": "Zoetermeer",
      "category_nl": "Dieren",
      "category_en": "Dieren",
      "description_nl": "Een testbeschrijving voor een dummyfoto.",
      "description_en": "Een testbeschrijving voor een dummyfoto.",
      "id": 25
    },
    {
      "image": "resources/media/images/dummy_picture.jpg",
      "date": "2025-03-03",
      "country_nl": "Nederland",
      "country_en": "Nederland",
      "city": "Zoetermeer",
      "category_nl": "Dieren",
      "category_en": "Dieren",
      "description_nl": "Een testbeschrijving voor een dummyfoto.",
      "description_en": "Een testbeschrijving voor een dummyfoto.",
      "id": 26
    },
    {
      "image": "resources/media/images/dummy_picture.jpg",
      "date": "2025-03-03",
      "country_nl": "Nederland",
      "country_en": "Nederland",
      "city": "Zoetermeer",
      "category_nl": "Dieren",
      "category_en": "Dieren",
      "description_nl": "Een testbeschrijving voor een dummyfoto.",
      "description_en": "Een testbeschrijving voor een dummyfoto.",
      "id": 27
    },
    {
      "image": "resources/media/images/dummy_picture.jpg",
      "date": "2025-03-03",
      "country_nl": "Nederland",
      "country_en": "Nederland",
      "city": "Zoetermeer",
      "category_nl": "Dieren",
      "category_en": "Dieren",
      "description_nl": "Een testbeschrijving voor een dummyfoto.",
      "description_en": "Een testbeschrijving voor een dummyfoto.",
      "id": 28
    },
    {
      "image": "resources/media/images/dummy_picture.jpg",
      "date": "2025-03-03",
      "country_nl": "Nederland",
      "country_en": "Nederland",
      "city": "Zoetermeer",
      "category_nl": "Dieren",
      "category_en": "Dieren",
      "description_nl": "Een testbeschrijving voor een dummyfoto.",
      "description_en": "Een testbeschrijving voor een dummyfoto.",
      "id": 29
    },
    {
      "image": "resources/media/images/dummy_picture.jpg",
      "date": "2025-03-03",
      "country_nl": "Nederland",
      "country_en": "Nederland",
      "city": "Zoetermeer",
      "category_nl": "Dieren",
      "category_en": "Dieren",
      "description_nl": "Een testbeschrijving voor een dummyfoto.",
      "description_en": "Een testbeschrijving voor een dummyfoto.",
      "id": 30
    },
    {
      "image": "resources/media/images/dummy_picture.jpg",
      "date": "2025-03-03",
      "country_nl": "Nederland",
      "country_en": "Nederland",
      "city": "Zoetermeer",
      "category_nl": "Dieren",
      "category_en": "Dieren",
      "description_nl": "Een testbeschrijving voor een dummyfoto.",
      "description_en": "Een testbeschrijving voor een dummyfoto.",
      "id": 31
    },
    {
      "image": "resources/media/images/dummy_picture.jpg",
      "date": "2025-03-03",
      "country_nl": "Nederland",
      "country_en": "Nederland",
      "city": "Zoetermeer",
      "category_nl": "Dieren",
      "category_en": "Dieren",
      "description_nl": "Doe eens wat leuks",
      "description_en": "Een testbeschrijving voor een dummyfoto.",
      "id": 32
    },
    {
      "image": "resources/media/images/dummy_picture.jpg",
      "date": "2025-03-10",
      "country_nl": "Oostenrijk",
      "country_en": "Oostenrijk",
      "city": "Lech",
      "category_nl": "Dieren",
      "category_en": "Dieren",
      "description_nl": "Een foto van mijn hond, Zero, in de Oostenrijkse sneeuw.123123",
      "description_en": "Een foto van mijn hond, Zero, in de Oostenrijkse sneeuw.123123",
      "id": 33
    },
    {
      "image": "resources/media/images/dummy_picture.jpg",
      "date": "2025-03-10",
      "country_nl": "Oostenrijk",
      "country_en": "Austria",
      "city": "Lech",
      "category_nl": "Dieren",
      "category_en": "animals",
      "description_nl": "Een foto van mijn hond, Zero, in de Oostenrijkse sneeuw.",
      "description_en": "A picture of my dog, Zero, in the Austrian snow.",
      "id": 34
    },
    {
      "image": "resources/media/images/dummy_picture.jpg",
      "date": "2025-03-10",
      "country_nl": "Oostenrijk",
      "country_en": "Austria",
      "city": "Lech",
      "category_nl": "Dieren",
      "category_en": "animals",
      "description_nl": "Een foto van mijn hond, Zero, in de Oostenrijkse sneeuw.",
      "description_en": "A picture of my dog, Zero, in the Austrian snow.",
      "id": 35
    }
  ]
}